source,bin,count
reddit,-1.0,32754
reddit,-0.9,44508
reddit,-0.8,47986
reddit,-0.7,50355
reddit,-0.6,63042
reddit,-0.5,68873
reddit,-0.4,63707
reddit,-0.30000000000000004,82265
reddit,-0.19999999999999996,58233
reddit,-0.09999999999999998,46642
reddit,0.0,382452
reddit,0.10000000000000009,68751
reddit,0.19999999999999996,107304
reddit,0.30000000000000004,112472
reddit,0.3999999999999999,149395
reddit,0.5,113475
reddit,0.6000000000000001,127111
reddit,0.7,135408
reddit,0.8,141847
reddit,0.8999999999999999,108782
twitter,-1.0,11252
twitter,-0.9,34620
twitter,-0.8,50833
twitter,-0.7,55825
twitter,-0.6,81120
twitter,-0.5,94327
twitter,-0.4,79482
twitter,-0.30000000000000004,95926
twitter,-0.19999999999999996,63400
twitter,-0.09999999999999998,39774
twitter,0.0,746798
twitter,0.10000000000000009,74772
twitter,0.19999999999999996,125843
twitter,0.30000000000000004,155615
twitter,0.3999999999999999,220993
twitter,0.5,165614
twitter,0.6000000000000001,163742
twitter,0.7,161152
twitter,0.8,161040
twitter,0.8999999999999999,102181
