month,source,n
2011-07-01,reddit,43614
2020-01-01,twitter,1396
2018-06-01,twitter,1691
2020-09-01,twitter,1542
2023-05-01,twitter,690
2012-11-01,reddit,38993
2022-10-01,twitter,11759
2019-01-01,twitter,1186
2017-12-01,twitter,2038
2017-01-01,twitter,146
2014-07-01,reddit,22069
2014-09-01,reddit,22954
2019-11-01,twitter,1298
2013-06-01,reddit,29936
2011-06-01,reddit,37057
2018-05-01,twitter,1892
2013-11-01,reddit,22255
2015-03-01,reddit,29121
2022-12-01,twitter,3714
2019-04-01,twitter,1367
2020-04-01,twitter,1307
2018-08-01,twitter,1610
2014-04-01,twitter,8
2016-03-01,twitter,67
2012-08-01,reddit,51416
2011-10-01,reddit,49583
2022-04-01,twitter,136793
2019-09-01,twitter,1331
2014-11-01,reddit,27677
2012-04-01,reddit,61846
2011-01-01,reddit,14997
2011-11-01,reddit,63527
2011-05-01,reddit,35950
2020-10-01,twitter,1811
2018-11-01,twitter,1403
2022-05-01,twitter,150361
2023-03-01,twitter,9664
2017-10-01,twitter,784
2020-06-01,twitter,1314
2011-02-01,reddit,23383
2014-06-01,reddit,23451
2022-09-01,twitter,14073
2018-03-01,twitter,1893
2011-08-01,reddit,39233
2015-06-01,reddit,24820
2020-07-01,twitter,1908
2020-08-01,twitter,1843
2020-05-01,twitter,1668
2020-02-01,twitter,1622
2017-09-01,twitter,671
2016-04-01,twitter,58
2012-05-01,reddit,55317
2022-06-01,twitter,153604
2020-03-01,twitter,1447
2016-10-01,twitter,89
2013-05-01,reddit,32904
2010-12-01,reddit,6402
2010-04-01,reddit,835
2018-04-01,twitter,1632
2010-07-01,reddit,1506
2015-02-01,reddit,24736
2010-05-01,reddit,791
2019-03-01,twitter,1221
2015-05-01,reddit,28873
2022-07-01,twitter,16354
2016-02-01,twitter,48
2014-03-01,reddit,30378
2021-09-01,twitter,114235
2019-05-01,twitter,1705
2012-03-01,reddit,62946
2022-02-01,twitter,120918
2018-10-01,twitter,1346
2021-06-01,twitter,165111
2019-08-01,twitter,1351
2021-05-01,twitter,184733
2011-09-01,reddit,35754
2012-02-01,reddit,58620
2013-02-01,reddit,32015
2023-01-01,twitter,5390
2018-02-01,twitter,1830
2018-12-01,twitter,1243
2021-08-01,twitter,120967
2015-02-01,twitter,22
2023-04-01,twitter,643
2021-10-01,twitter,153947
2017-07-01,twitter,438
2016-09-01,twitter,84
2012-06-01,reddit,48189
2011-04-01,reddit,28801
2012-10-01,reddit,49498
2019-12-01,twitter,1286
2013-08-01,reddit,34256
2013-07-01,reddit,32842
2021-01-01,twitter,143910
2016-11-01,twitter,95
2010-06-01,reddit,1258
2021-04-01,twitter,122468
2019-06-01,twitter,1642
2018-07-01,twitter,1710
2012-12-01,reddit,36752
2015-04-01,reddit,32315
2013-09-01,reddit,24397
2012-07-01,reddit,49334
2022-03-01,twitter,134478
2010-09-01,reddit,3540
2021-02-01,twitter,159647
2020-11-01,twitter,2206
2010-10-01,reddit,5576
2020-12-01,twitter,2875
2023-06-01,twitter,376
2014-04-01,reddit,27264
2015-07-01,reddit,33695
2014-02-01,reddit,26222
2013-10-01,reddit,22952
2016-08-01,twitter,82
2012-09-01,reddit,43819
2010-08-01,reddit,2287
2021-12-01,twitter,117270
2019-07-01,twitter,1629
2013-12-01,reddit,21621
2012-01-01,reddit,52509
2016-07-01,twitter,73
2013-03-01,reddit,34263
2014-08-01,reddit,23052
2019-02-01,twitter,1177
2015-08-01,reddit,29480
2023-02-01,twitter,6134
2018-09-01,twitter,1514
2021-11-01,twitter,144753
2018-01-01,twitter,2317
2016-06-01,twitter,103
2016-05-01,twitter,72
2017-03-01,twitter,238
2014-12-01,reddit,24975
2021-07-01,twitter,131181
2015-01-01,reddit,27731
2021-03-01,twitter,124460
2015-06-01,twitter,29
2010-11-01,reddit,6530
2015-05-01,twitter,38
2017-11-01,twitter,1217
2015-09-01,reddit,1021
2011-03-01,reddit,30072
2019-10-01,twitter,1483
2017-02-01,twitter,155
2014-10-01,reddit,26602
2013-04-01,reddit,37742
2022-08-01,twitter,10604
2022-11-01,twitter,18312
2014-05-01,reddit,28072
2013-01-01,reddit,38891
2022-01-01,twitter,141081
2017-08-01,twitter,585
2017-06-01,twitter,428
2016-12-01,twitter,140
2017-05-01,twitter,423
2014-01-01,reddit,27510
2011-12-01,reddit,59335
2017-04-01,twitter,243
2016-01-01,twitter,58
2014-09-01,twitter,17
2015-09-01,twitter,21
2014-06-01,twitter,16
2014-05-01,twitter,13
2015-12-01,twitter,65
2015-10-01,twitter,36
2014-11-01,twitter,29
2013-08-01,twitter,2
2015-01-01,twitter,64
2014-12-01,twitter,33
2015-08-01,twitter,25
2014-10-01,twitter,30
2015-03-01,twitter,33
2015-11-01,twitter,46
2014-01-01,twitter,6
2015-04-01,twitter,35
2014-08-01,twitter,20
2014-07-01,twitter,15
2015-07-01,twitter,22
2014-03-01,twitter,5
2013-09-01,twitter,1
2014-02-01,twitter,9
2013-04-01,twitter,2
2013-02-01,twitter,1
2013-10-01,twitter,2
2013-03-01,twitter,1
2013-12-01,twitter,1
2013-11-01,twitter,1
