token,source,total_mentions,months_present,peak_month,peak_count,peak_per_10k,avg_per_10k,lift,burst_z
pepe,twitter,344,15,2023-05-01,53,434.78,6.19,70.28,8.49
presidential,twitter,260,12,2023-05-01,37,144.93,2.2,65.96,8.48
segwit,twitter,756,19,2017-07-01,56,228.31,3.8,60.02,8.48
iost,twitter,302,14,2019-09-01,43,82.64,1.41,58.74,8.46
polygonnetwork,twitter,370,5,2021-08-01,312,25.79,0.4,63.94,8.46
blackrock,twitter,1362,22,2023-06-01,247,611.7,10.42,58.72,8.46
tokyo,twitter,844,12,2021-07-01,672,51.23,0.86,59.63,8.46
moneygram,twitter,220,10,2019-06-01,70,60.9,1.01,60.34,8.46
zuckerberg,twitter,386,15,2019-10-01,141,101.15,1.69,59.7,8.45
tour,twitter,455,19,2018-08-01,57,80.75,1.51,53.47,8.45
bcash,twitter,498,19,2017-11-01,51,90.39,1.69,53.48,8.45
coronavirus,twitter,598,14,2020-03-01,82,138.22,2.43,56.8,8.45
petro,twitter,306,17,2018-03-01,41,52.83,1.0,52.8,8.44
supreme,twitter,500,19,2020-03-01,54,76.02,1.5,50.52,8.44
truckers,twitter,642,6,2022-02-01,522,43.17,0.7,61.69,8.44
toilet,twitter,582,19,2020-03-01,61,69.11,1.48,46.74,8.42
marketplaces,twitter,200,11,2022-11-01,50,27.3,0.52,52.65,8.42
olympic,twitter,274,4,2021-07-01,225,17.15,0.28,60.56,8.41
falconswaps,twitter,262,7,2023-02-01,75,52.17,0.93,56.08,8.4
olympics,twitter,918,5,2021-07-01,763,58.16,0.95,61.04,8.4
assistance,reddit,671,19,2015-08-01,400,135.69,3.49,38.85,7.32
automatic,reddit,1624,52,2015-08-01,489,165.88,8.59,19.3,7.3
tickets,reddit,271,4,2014-03-01,206,67.81,1.45,46.8,7.3
goat,reddit,384,12,2014-08-01,219,95.0,2.5,38.05,7.28
courtesy,reddit,242,5,2012-07-01,190,38.51,0.88,43.92,7.28
pandas,reddit,237,7,2014-11-01,161,58.17,1.39,41.85,7.27
ticket,reddit,259,7,2014-03-01,164,53.99,1.34,40.26,7.26
seats,reddit,238,9,2015-02-01,126,50.94,1.31,38.74,7.25
rosetta,reddit,342,6,2014-11-01,254,91.77,2.19,41.89,7.21
pluto,reddit,3280,56,2015-07-01,944,280.16,17.75,15.78,7.17
bitcoin,reddit,251,8,2013-06-01,160,53.45,1.52,35.21,7.17
medieval,reddit,237,13,2015-06-01,81,32.63,1.16,28.23,7.11
lottery,reddit,481,22,2014-03-01,171,56.29,2.4,23.43,7.1
listed,reddit,3342,56,2015-08-01,345,117.03,17.56,6.66,7.09
lander,reddit,377,11,2014-11-01,179,64.67,2.06,31.36,7.08
charon,reddit,226,9,2015-07-01,125,37.1,1.19,31.06,7.08
comet,reddit,2045,55,2014-11-01,514,185.71,11.9,15.61,7.07
ssri,reddit,235,10,2013-10-01,99,43.13,1.44,29.98,7.06
sword,reddit,640,11,2015-06-01,285,114.83,3.39,33.89,7.03
unnatural,reddit,532,25,2014-05-01,133,47.38,2.44,19.4,7.01
